id,status,matchday,homeTeam,awayTeam,date_month,time_hour,ft_home,ft_away,ht_home,ht_away,winner
503046,FINISHED,1,Genoa,Inter,08,16,2.0,2.0,1.0,1.0,1
503052,FINISHED,1,Parma,Fiorentina,08,16,1.0,1.0,1.0,0.0,1
503045,FINISHED,1,Empoli,Monza,08,18,0.0,0.0,0.0,0.0,1
503051,FINISHED,1,Milan,Torino,08,18,2.0,2.0,0.0,1.0,1
503043,FINISHED,1,Bologna,Udinese,08,16,1.0,1.0,0.0,0.0,1
503047,FINISHED,1,Verona,Napoli,08,16,3.0,0.0,0.0,0.0,0
503044,FINISHED,1,Cagliari,Roma,08,18,0.0,0.0,0.0,0.0,1
503049,FINISHED,1,Lazio,Venezia FC,08,18,3.0,1.0,2.0,1.0,0
503050,FINISHED,1,Lecce,Atalanta,08,16,0.0,4.0,0.0,2.0,2
503048,FINISHED,1,Juventus,Como 1907,08,18,3.0,0.0,2.0,0.0,0
503059,FINISHED,2,Parma,Milan,08,16,2.0,1.0,1.0,0.0,0
503062,FINISHED,2,Udinese,Lazio,08,16,2.0,1.0,1.0,0.0,0
503056,FINISHED,2,Inter,Lecce,08,18,2.0,0.0,1.0,0.0,0
503057,FINISHED,2,Monza,Genoa,08,18,0.0,1.0,0.0,1.0,2
503054,FINISHED,2,Fiorentina,Venezia FC,08,16,0.0,0.0,0.0,0.0,1
503061,FINISHED,2,Torino,Atalanta,08,16,2.0,1.0,1.0,1.0,0
503058,FINISHED,2,Napoli,Bologna,08,18,3.0,0.0,1.0,0.0,0
503060,FINISHED,2,Roma,Empoli,08,18,1.0,2.0,0.0,1.0,2
503053,FINISHED,2,Cagliari,Como 1907,08,16,1.0,1.0,1.0,0.0,1
503055,FINISHED,2,Verona,Juventus,08,18,0.0,3.0,0.0,2.0,2
503072,FINISHED,3,Venezia FC,Torino,08,16,0.0,1.0,0.0,0.0,2
503066,FINISHED,3,Inter,Atalanta,08,18,4.0,0.0,2.0,0.0,0
503063,FINISHED,3,Bologna,Empoli,08,16,1.0,1.0,1.0,1.0,1
503069,FINISHED,3,Lecce,Cagliari,08,16,1.0,0.0,1.0,0.0,0
503068,FINISHED,3,Lazio,Milan,08,18,2.0,2.0,0.0,1.0,1
503070,FINISHED,3,Napoli,Parma,08,18,2.0,1.0,0.0,1.0,0
503064,FINISHED,3,Fiorentina,Monza,09,16,2.0,2.0,1.0,2.0,1
503065,FINISHED,3,Genoa,Verona,09,16,0.0,2.0,0.0,0.0,2
503067,FINISHED,3,Juventus,Roma,09,18,0.0,0.0,0.0,0.0,1
503071,FINISHED,3,Udinese,Como 1907,09,18,1.0,0.0,1.0,0.0,0
503075,FINISHED,4,Como 1907,Bologna,09,13,2.0,2.0,1.0,0.0,1
503076,FINISHED,4,Empoli,Juventus,09,16,0.0,0.0,0.0,0.0,1
503079,FINISHED,4,Milan,Venezia FC,09,18,4.0,0.0,4.0,0.0,0
503077,FINISHED,4,Genoa,Roma,09,10,1.0,1.0,0.0,1.0,1
503073,FINISHED,4,Atalanta,Fiorentina,09,13,3.0,2.0,3.0,2.0,0
503082,FINISHED,4,Torino,Lecce,09,13,0.0,0.0,0.0,0.0,1
503074,FINISHED,4,Cagliari,Napoli,09,16,0.0,4.0,0.0,1.0,2
503080,FINISHED,4,Monza,Inter,09,18,1.0,1.0,0.0,0.0,1
503081,FINISHED,4,Parma,Udinese,09,16,2.0,3.0,2.0,0.0,2
503078,FINISHED,4,Lazio,Verona,09,18,2.0,1.0,2.0,1.0,0
503084,FINISHED,5,Cagliari,Empoli,09,16,0.0,2.0,0.0,1.0,2
503086,FINISHED,5,Verona,Torino,09,18,2.0,3.0,1.0,2.0,2
503092,FINISHED,5,Venezia FC,Genoa,09,13,2.0,0.0,0.0,0.0,0
503088,FINISHED,5,Juventus,Napoli,09,16,0.0,0.0,0.0,0.0,1
503089,FINISHED,5,Lecce,Parma,09,18,2.0,2.0,1.0,0.0,1
503085,FINISHED,5,Fiorentina,Lazio,09,10,2.0,1.0,0.0,1.0,0
503090,FINISHED,5,Monza,Bologna,09,13,1.0,2.0,1.0,1.0,2
503091,FINISHED,5,Roma,Udinese,09,16,3.0,0.0,1.0,0.0,0
503087,FINISHED,5,Inter,Milan,09,18,1.0,2.0,1.0,1.0,2
503083,FINISHED,5,Atalanta,Como 1907,09,18,2.0,3.0,1.0,0.0,2
503097,FINISHED,6,Milan,Lecce,09,18,3.0,0.0,3.0,0.0,0
503102,FINISHED,6,Udinese,Inter,09,13,2.0,3.0,1.0,2.0,2
503096,FINISHED,6,Genoa,Juventus,09,16,0.0,3.0,0.0,0.0,2
503093,FINISHED,6,Bologna,Atalanta,09,18,1.0,1.0,0.0,0.0,1
503101,FINISHED,6,Torino,Lazio,09,10,2.0,3.0,0.0,1.0,2
503094,FINISHED,6,Como 1907,Verona,09,13,3.0,2.0,1.0,0.0,0
503100,FINISHED,6,Roma,Venezia FC,09,13,2.0,1.0,0.0,1.0,0
503095,FINISHED,6,Empoli,Fiorentina,09,16,0.0,0.0,0.0,0.0,1
503098,FINISHED,6,Napoli,Monza,09,18,2.0,0.0,2.0,0.0,0
503099,FINISHED,6,Parma,Cagliari,09,18,2.0,3.0,0.0,1.0,2
503111,FINISHED,7,Napoli,Como 1907,10,16,3.0,1.0,1.0,1.0,0
503106,FINISHED,7,Verona,Venezia FC,10,18,2.0,1.0,1.0,1.0,0
503112,FINISHED,7,Udinese,Lecce,10,13,1.0,0.0,0.0,0.0,0
503103,FINISHED,7,Atalanta,Genoa,10,16,5.0,1.0,1.0,0.0,0
503107,FINISHED,7,Inter,Torino,10,18,3.0,2.0,2.0,1.0,0
503108,FINISHED,7,Juventus,Cagliari,10,10,1.0,1.0,1.0,0.0,1
503104,FINISHED,7,Bologna,Parma,10,13,0.0,0.0,0.0,0.0,1
503109,FINISHED,7,Lazio,Empoli,10,13,2.0,1.0,1.0,1.0,0
503110,FINISHED,7,Monza,Roma,10,16,1.0,1.0,0.0,0.0,1
503105,FINISHED,7,Fiorentina,Milan,10,18,2.0,1.0,1.0,0.0,0
503114,FINISHED,8,Como 1907,Parma,10,13,1.0,1.0,1.0,1.0,1
503116,FINISHED,8,Genoa,Bologna,10,13,2.0,2.0,0.0,1.0,1
503120,FINISHED,8,Milan,Udinese,10,16,1.0,0.0,1.0,0.0,0
503118,FINISHED,8,Juventus,Lazio,10,18,1.0,0.0,0.0,0.0,0
503115,FINISHED,8,Empoli,Napoli,10,10,0.0,1.0,0.0,0.0,2
503119,FINISHED,8,Lecce,Fiorentina,10,13,0.0,6.0,0.0,3.0,2
503122,FINISHED,8,Venezia FC,Atalanta,10,13,0.0,2.0,0.0,1.0,2
503113,FINISHED,8,Cagliari,Torino,10,16,3.0,2.0,1.0,1.0,0
503121,FINISHED,8,Roma,Inter,10,18,0.0,1.0,0.0,0.0,2
503117,FINISHED,8,Verona,Monza,10,18,0.0,3.0,0.0,1.0,2
503132,FINISHED,9,Udinese,Cagliari,10,16,2.0,0.0,1.0,0.0,0
503131,FINISHED,9,Torino,Como 1907,10,18,1.0,0.0,0.0,0.0,0
503124,POSTPONED,9,Bologna,Milan,10,00,,,,,2
503129,FINISHED,9,Napoli,Lecce,10,13,1.0,0.0,0.0,0.0,0
503123,FINISHED,9,Atalanta,Verona,10,18,6.0,1.0,5.0,1.0,0
503130,FINISHED,9,Parma,Empoli,10,11,1.0,1.0,0.0,1.0,1
503127,FINISHED,9,Lazio,Genoa,10,14,3.0,0.0,1.0,0.0,0
503128,FINISHED,9,Monza,Venezia FC,10,14,2.0,2.0,2.0,2.0,1
503126,FINISHED,9,Inter,Juventus,10,17,4.0,4.0,3.0,2.0,1
503125,FINISHED,9,Fiorentina,Roma,10,19,5.0,1.0,3.0,1.0,0
503134,FINISHED,10,Cagliari,Bologna,10,17,0.0,2.0,0.0,1.0,2
503139,FINISHED,10,Lecce,Verona,10,17,1.0,0.0,0.0,0.0,0
503140,FINISHED,10,Milan,Napoli,10,19,0.0,2.0,0.0,2.0,2
503136,FINISHED,10,Empoli,Inter,10,17,0.0,3.0,0.0,0.0,2
503142,FINISHED,10,Venezia FC,Udinese,10,17,3.0,2.0,1.0,2.0,0
503133,FINISHED,10,Atalanta,Monza,10,19,2.0,0.0,0.0,0.0,0
503138,FINISHED,10,Juventus,Parma,10,19,2.0,2.0,1.0,2.0,1
503137,FINISHED,10,Genoa,Fiorentina,10,17,0.0,1.0,0.0,0.0,2
503135,FINISHED,10,Como 1907,Lazio,10,19,1.0,5.0,0.0,2.0,2
503141,FINISHED,10,Roma,Torino,10,19,1.0,0.0,1.0,0.0,0
503143,FINISHED,11,Bologna,Lecce,11,14,1.0,0.0,0.0,0.0,0
503152,FINISHED,11,Udinese,Juventus,11,17,0.0,2.0,0.0,2.0,2
503148,FINISHED,11,Monza,Milan,11,19,0.0,1.0,0.0,1.0,2
503149,FINISHED,11,Napoli,Atalanta,11,11,0.0,3.0,0.0,2.0,2
503151,FINISHED,11,Torino,Fiorentina,11,14,0.0,1.0,0.0,1.0,2
503145,FINISHED,11,Verona,Roma,11,17,3.0,2.0,2.0,1.0,0
503146,FINISHED,11,Inter,Venezia FC,11,19,1.0,0.0,0.0,0.0,0
503144,FINISHED,11,Empoli,Como 1907,11,17,1.0,0.0,0.0,0.0,0
503150,FINISHED,11,Parma,Genoa,11,17,0.0,1.0,0.0,0.0,2
503147,FINISHED,11,Lazio,Cagliari,11,19,2.0,1.0,1.0,1.0,0
503156,FINISHED,12,Genoa,Como 1907,11,19,1.0,1.0,0.0,1.0,1
503159,FINISHED,12,Lecce,Empoli,11,19,1.0,1.0,0.0,1.0,1
503162,FINISHED,12,Venezia FC,Parma,11,14,1.0,2.0,1.0,1.0,2
503154,FINISHED,12,Cagliari,Milan,11,17,3.0,3.0,1.0,2.0,1
503158,FINISHED,12,Juventus,Torino,11,19,2.0,0.0,1.0,0.0,0
503153,FINISHED,12,Atalanta,Udinese,11,11,2.0,1.0,0.0,1.0,0
503155,FINISHED,12,Fiorentina,Verona,11,14,3.0,1.0,1.0,1.0,0
503161,FINISHED,12,Roma,Bologna,11,14,2.0,3.0,0.0,1.0,2
503160,FINISHED,12,Monza,Lazio,11,17,0.0,1.0,0.0,1.0,2
503157,FINISHED,12,Inter,Napoli,11,19,1.0,1.0,1.0,1.0,1
503166,FINISHED,13,Verona,Inter,11,14,0.0,5.0,0.0,5.0,2
503168,FINISHED,13,Milan,Juventus,11,17,0.0,0.0,0.0,0.0,1
503170,FINISHED,13,Parma,Atalanta,11,19,1.0,3.0,0.0,2.0,2
503165,FINISHED,13,Genoa,Cagliari,11,11,2.0,2.0,1.0,1.0,1
503163,FINISHED,13,Como 1907,Fiorentina,11,14,0.0,2.0,0.0,1.0,2
503171,FINISHED,13,Torino,Monza,11,14,1.0,1.0,0.0,0.0,1
503169,FINISHED,13,Napoli,Roma,11,17,1.0,0.0,0.0,0.0,0
503167,FINISHED,13,Lazio,Bologna,11,19,3.0,0.0,0.0,0.0,0
503164,FINISHED,13,Empoli,Udinese,11,17,1.0,1.0,1.0,0.0,1
503172,FINISHED,13,Venezia FC,Lecce,11,19,0.0,1.0,0.0,0.0,2
503174,FINISHED,14,Cagliari,Verona,11,19,1.0,0.0,0.0,0.0,0
503175,FINISHED,14,Como 1907,Monza,11,14,1.0,1.0,1.0,0.0,1
503178,FINISHED,14,Milan,Empoli,11,17,3.0,0.0,2.0,0.0,0
503173,FINISHED,14,Bologna,Venezia FC,11,19,3.0,0.0,1.0,0.0,0
503182,FINISHED,14,Udinese,Genoa,12,11,0.0,2.0,0.0,1.0,2
503179,FINISHED,14,Parma,Lazio,12,14,3.0,1.0,1.0,0.0,0
503181,FINISHED,14,Torino,Napoli,12,14,0.0,1.0,0.0,1.0,2
503176,CANCELLED,14,Fiorentina,Inter,12,17,0.0,0.0,,,1
503177,FINISHED,14,Lecce,Juventus,12,19,1.0,1.0,0.0,0.0,1
503180,FINISHED,14,Roma,Atalanta,12,19,0.0,2.0,0.0,0.0,2
503187,FINISHED,15,Inter,Parma,12,17,3.0,1.0,1.0,0.0,0
503183,FINISHED,15,Atalanta,Milan,12,19,2.0,1.0,1.0,1.0,0
503185,FINISHED,15,Genoa,Torino,12,14,0.0,0.0,0.0,0.0,1
503188,FINISHED,15,Juventus,Bologna,12,17,2.0,2.0,0.0,1.0,1
503191,FINISHED,15,Roma,Lecce,12,19,4.0,1.0,1.0,1.0,0
503184,FINISHED,15,Fiorentina,Cagliari,12,11,1.0,0.0,1.0,0.0,0
503186,FINISHED,15,Verona,Empoli,12,14,1.0,4.0,1.0,4.0,2
503192,FINISHED,15,Venezia FC,Como 1907,12,17,2.0,2.0,1.0,0.0,1
503190,FINISHED,15,Napoli,Lazio,12,19,0.0,1.0,0.0,0.0,2
503189,FINISHED,15,Monza,Udinese,12,19,1.0,2.0,0.0,1.0,2
503196,FINISHED,16,Empoli,Torino,12,19,0.0,1.0,0.0,0.0,2
503194,FINISHED,16,Cagliari,Atalanta,12,14,0.0,1.0,0.0,0.0,2
503202,FINISHED,16,Udinese,Napoli,12,17,1.0,3.0,1.0,0.0,2
503197,FINISHED,16,Juventus,Venezia FC,12,19,2.0,2.0,1.0,0.0,1
503199,FINISHED,16,Lecce,Monza,12,11,2.0,1.0,2.0,1.0,0
503193,FINISHED,16,Bologna,Fiorentina,12,14,1.0,0.0,0.0,0.0,0
503201,FINISHED,16,Parma,Verona,12,14,2.0,3.0,1.0,1.0,2
503195,FINISHED,16,Como 1907,Roma,12,17,2.0,0.0,0.0,0.0,0
503200,FINISHED,16,Milan,Genoa,12,19,0.0,0.0,0.0,0.0,1
503198,FINISHED,16,Lazio,Inter,12,19,0.0,6.0,0.0,2.0,2
503206,FINISHED,17,Verona,Milan,12,19,0.0,1.0,0.0,0.0,2
503211,FINISHED,17,Torino,Bologna,12,14,0.0,2.0,0.0,0.0,2
503205,FINISHED,17,Genoa,Napoli,12,17,1.0,2.0,0.0,2.0,2
503208,FINISHED,17,Lecce,Lazio,12,19,1.0,2.0,0.0,1.0,2
503210,FINISHED,17,Roma,Parma,12,11,5.0,0.0,2.0,0.0,0
503212,FINISHED,17,Venezia FC,Cagliari,12,14,2.0,1.0,1.0,0.0,0
503203,FINISHED,17,Atalanta,Empoli,12,17,3.0,2.0,2.0,1.0,0
503209,FINISHED,17,Monza,Juventus,12,19,1.0,2.0,1.0,2.0,2
503204,FINISHED,17,Fiorentina,Udinese,12,17,1.0,2.0,1.0,0.0,2
503207,FINISHED,17,Inter,Como 1907,12,19,2.0,0.0,0.0,0.0,0
503216,FINISHED,18,Empoli,Genoa,12,14,1.0,2.0,0.0,0.0,2
503221,FINISHED,18,Parma,Monza,12,14,2.0,1.0,0.0,0.0,0
503214,FINISHED,18,Cagliari,Inter,12,17,0.0,3.0,0.0,0.0,2
503218,FINISHED,18,Lazio,Atalanta,12,19,1.0,1.0,1.0,0.0,1
503222,FINISHED,18,Udinese,Torino,12,11,2.0,2.0,1.0,0.0,1
503220,FINISHED,18,Napoli,Venezia FC,12,14,1.0,0.0,0.0,0.0,0
503217,FINISHED,18,Juventus,Fiorentina,12,17,2.0,2.0,1.0,1.0,1
503219,FINISHED,18,Milan,Roma,12,19,1.0,1.0,1.0,1.0,1
503215,FINISHED,18,Como 1907,Lecce,12,17,2.0,0.0,0.0,0.0,0
503213,FINISHED,18,Bologna,Verona,12,19,2.0,3.0,1.0,2.0,2
503232,FINISHED,19,Venezia FC,Empoli,01,14,1.0,1.0,1.0,1.0,1
503225,FINISHED,19,Fiorentina,Napoli,01,17,0.0,3.0,0.0,1.0,2
503226,FINISHED,19,Verona,Udinese,01,19,0.0,0.0,0.0,0.0,1
503229,FINISHED,19,Monza,Cagliari,01,11,1.0,2.0,1.0,1.0,2
503228,FINISHED,19,Lecce,Genoa,01,14,0.0,0.0,0.0,0.0,1
503231,FINISHED,19,Torino,Parma,01,17,0.0,0.0,0.0,0.0,1
503230,FINISHED,19,Roma,Lazio,01,19,2.0,0.0,2.0,0.0,0
503236,TIMED,20,Lazio,Como 1907,01,19,,,,,2
503234,TIMED,20,Empoli,Lecce,01,14,,,,,2
503241,TIMED,20,Udinese,Atalanta,01,14,,,,,2
503240,TIMED,20,Torino,Juventus,01,17,,,,,2
503237,TIMED,20,Milan,Cagliari,01,19,,,,,2
503235,TIMED,20,Genoa,Parma,01,11,,,,,2
503242,TIMED,20,Venezia FC,Inter,01,14,,,,,2
503233,TIMED,20,Bologna,Roma,01,17,,,,,2
503239,TIMED,20,Napoli,Verona,01,19,,,,,2
503238,TIMED,20,Monza,Fiorentina,01,19,,,,,2
503224,TIMED,19,Como 1907,Milan,01,17,,,,,2
503223,TIMED,19,Atalanta,Juventus,01,19,,,,,2
503227,TIMED,19,Inter,Bologna,01,19,,,,,2
503252,TIMED,21,Roma,Genoa,01,19,,,,,2
503244,TIMED,21,Bologna,Monza,01,14,,,,,2
503250,TIMED,21,Juventus,Milan,01,17,,,,,2
503243,TIMED,21,Atalanta,Napoli,01,19,,,,,2
503247,TIMED,21,Fiorentina,Torino,01,11,,,,,2
503245,TIMED,21,Cagliari,Lecce,01,14,,,,,2
503251,TIMED,21,Parma,Venezia FC,01,14,,,,,2
503248,TIMED,21,Verona,Lazio,01,17,,,,,2
503249,TIMED,21,Inter,Empoli,01,19,,,,,2
503246,TIMED,21,Como 1907,Udinese,01,19,,,,,2
503260,TIMED,22,Torino,Cagliari,01,19,,,,,2
503253,TIMED,22,Como 1907,Atalanta,01,14,,,,,2
503259,TIMED,22,Napoli,Juventus,01,17,,,,,2
503254,TIMED,22,Empoli,Bologna,01,19,,,,,2
503258,TIMED,22,Milan,Parma,01,11,,,,,2
503261,TIMED,22,Udinese,Roma,01,14,,,,,2
503257,TIMED,22,Lecce,Inter,01,17,,,,,2
503256,TIMED,22,Lazio,Fiorentina,01,19,,,,,2
503262,TIMED,22,Venezia FC,Verona,01,17,,,,,2
503255,TIMED,22,Genoa,Monza,01,19,,,,,2
503270,TIMED,23,Parma,Lecce,01,19,,,,,2
503269,TIMED,23,Monza,Verona,02,14,,,,,2
503272,TIMED,23,Udinese,Venezia FC,02,14,,,,,2
503263,TIMED,23,Atalanta,Torino,02,17,,,,,2
503264,TIMED,23,Bologna,Como 1907,02,19,,,,,2
503267,TIMED,23,Juventus,Empoli,02,11,,,,,2
503266,TIMED,23,Fiorentina,Genoa,02,14,,,,,2
503268,TIMED,23,Milan,Inter,02,17,,,,,2
503271,TIMED,23,Roma,Napoli,02,19,,,,,2
503265,TIMED,23,Cagliari,Lazio,02,19,,,,,2
503273,SCHEDULED,24,Cagliari,Parma,02,00,,,,,2
503274,SCHEDULED,24,Como 1907,Juventus,02,00,,,,,2
503275,SCHEDULED,24,Empoli,Milan,02,00,,,,,2
503276,SCHEDULED,24,Verona,Atalanta,02,00,,,,,2
503277,SCHEDULED,24,Inter,Fiorentina,02,00,,,,,2
503278,SCHEDULED,24,Lazio,Monza,02,00,,,,,2
503279,SCHEDULED,24,Lecce,Bologna,02,00,,,,,2
503280,SCHEDULED,24,Napoli,Udinese,02,00,,,,,2
503281,SCHEDULED,24,Torino,Genoa,02,00,,,,,2
503282,SCHEDULED,24,Venezia FC,Roma,02,00,,,,,2
503283,SCHEDULED,25,Atalanta,Cagliari,02,00,,,,,2
503284,SCHEDULED,25,Bologna,Torino,02,00,,,,,2
503285,SCHEDULED,25,Fiorentina,Como 1907,02,00,,,,,2
503286,SCHEDULED,25,Genoa,Venezia FC,02,00,,,,,2
503287,SCHEDULED,25,Juventus,Inter,02,00,,,,,2
503288,SCHEDULED,25,Lazio,Napoli,02,00,,,,,2
503289,SCHEDULED,25,Milan,Verona,02,00,,,,,2
503290,SCHEDULED,25,Monza,Lecce,02,00,,,,,2
503291,SCHEDULED,25,Parma,Roma,02,00,,,,,2
503292,SCHEDULED,25,Udinese,Empoli,02,00,,,,,2
503296,SCHEDULED,26,Verona,Fiorentina,02,00,,,,,2
503297,SCHEDULED,26,Inter,Genoa,02,00,,,,,2
503298,SCHEDULED,26,Lecce,Udinese,02,00,,,,,2
503299,SCHEDULED,26,Parma,Bologna,02,00,,,,,2
503300,SCHEDULED,26,Roma,Monza,02,00,,,,,2
503301,SCHEDULED,26,Torino,Milan,02,00,,,,,2
503302,SCHEDULED,26,Venezia FC,Lazio,02,00,,,,,2
503293,SCHEDULED,26,Cagliari,Juventus,02,00,,,,,2
503294,SCHEDULED,26,Como 1907,Napoli,02,00,,,,,2
503295,SCHEDULED,26,Empoli,Atalanta,02,00,,,,,2
503303,SCHEDULED,27,Atalanta,Venezia FC,03,00,,,,,2
503304,SCHEDULED,27,Bologna,Cagliari,03,00,,,,,2
503305,SCHEDULED,27,Fiorentina,Lecce,03,00,,,,,2
503306,SCHEDULED,27,Genoa,Empoli,03,00,,,,,2
503307,SCHEDULED,27,Juventus,Verona,03,00,,,,,2
503308,SCHEDULED,27,Milan,Lazio,03,00,,,,,2
503309,SCHEDULED,27,Monza,Torino,03,00,,,,,2
503310,SCHEDULED,27,Napoli,Inter,03,00,,,,,2
503311,SCHEDULED,27,Roma,Como 1907,03,00,,,,,2
503312,SCHEDULED,27,Udinese,Parma,03,00,,,,,2
503313,SCHEDULED,28,Cagliari,Genoa,03,00,,,,,2
503314,SCHEDULED,28,Como 1907,Venezia FC,03,00,,,,,2
503315,SCHEDULED,28,Empoli,Roma,03,00,,,,,2
503316,SCHEDULED,28,Verona,Bologna,03,00,,,,,2
503317,SCHEDULED,28,Inter,Monza,03,00,,,,,2
503318,SCHEDULED,28,Juventus,Atalanta,03,00,,,,,2
503319,SCHEDULED,28,Lazio,Udinese,03,00,,,,,2
503320,SCHEDULED,28,Lecce,Milan,03,00,,,,,2
503321,SCHEDULED,28,Napoli,Fiorentina,03,00,,,,,2
503322,SCHEDULED,28,Parma,Torino,03,00,,,,,2
503323,SCHEDULED,29,Atalanta,Inter,03,00,,,,,2
503324,SCHEDULED,29,Bologna,Lazio,03,00,,,,,2
503325,SCHEDULED,29,Fiorentina,Juventus,03,00,,,,,2
503326,SCHEDULED,29,Genoa,Lecce,03,00,,,,,2
503327,SCHEDULED,29,Milan,Como 1907,03,00,,,,,2
503328,SCHEDULED,29,Monza,Parma,03,00,,,,,2
503329,SCHEDULED,29,Roma,Cagliari,03,00,,,,,2
503330,SCHEDULED,29,Torino,Empoli,03,00,,,,,2
503331,SCHEDULED,29,Udinese,Verona,03,00,,,,,2
503332,SCHEDULED,29,Venezia FC,Napoli,03,00,,,,,2
503333,SCHEDULED,30,Cagliari,Monza,03,00,,,,,2
503334,SCHEDULED,30,Como 1907,Empoli,03,00,,,,,2
503335,SCHEDULED,30,Fiorentina,Atalanta,03,00,,,,,2
503336,SCHEDULED,30,Verona,Parma,03,00,,,,,2
503337,SCHEDULED,30,Inter,Udinese,03,00,,,,,2
503338,SCHEDULED,30,Juventus,Genoa,03,00,,,,,2
503339,SCHEDULED,30,Lazio,Torino,03,00,,,,,2
503340,SCHEDULED,30,Lecce,Roma,03,00,,,,,2
503341,SCHEDULED,30,Napoli,Milan,03,00,,,,,2
503342,SCHEDULED,30,Venezia FC,Bologna,03,00,,,,,2
503343,SCHEDULED,31,Atalanta,Lazio,04,00,,,,,2
503344,SCHEDULED,31,Bologna,Napoli,04,00,,,,,2
503345,SCHEDULED,31,Empoli,Cagliari,04,00,,,,,2
503346,SCHEDULED,31,Genoa,Udinese,04,00,,,,,2
503347,SCHEDULED,31,Lecce,Venezia FC,04,00,,,,,2
503348,SCHEDULED,31,Milan,Fiorentina,04,00,,,,,2
503349,SCHEDULED,31,Monza,Como 1907,04,00,,,,,2
503350,SCHEDULED,31,Parma,Inter,04,00,,,,,2
503351,SCHEDULED,31,Roma,Juventus,04,00,,,,,2
503352,SCHEDULED,31,Torino,Verona,04,00,,,,,2
503353,SCHEDULED,32,Atalanta,Bologna,04,00,,,,,2
503354,SCHEDULED,32,Como 1907,Torino,04,00,,,,,2
503355,SCHEDULED,32,Fiorentina,Parma,04,00,,,,,2
503356,SCHEDULED,32,Verona,Genoa,04,00,,,,,2
503357,SCHEDULED,32,Inter,Cagliari,04,00,,,,,2
503358,SCHEDULED,32,Juventus,Lecce,04,00,,,,,2
503359,SCHEDULED,32,Lazio,Roma,04,00,,,,,2
503360,SCHEDULED,32,Napoli,Empoli,04,00,,,,,2
503361,SCHEDULED,32,Udinese,Milan,04,00,,,,,2
503362,SCHEDULED,32,Venezia FC,Monza,04,00,,,,,2
503363,SCHEDULED,33,Bologna,Inter,04,00,,,,,2
503364,SCHEDULED,33,Cagliari,Fiorentina,04,00,,,,,2
503365,SCHEDULED,33,Empoli,Venezia FC,04,00,,,,,2
503366,SCHEDULED,33,Genoa,Lazio,04,00,,,,,2
503367,SCHEDULED,33,Lecce,Como 1907,04,00,,,,,2
503368,SCHEDULED,33,Milan,Atalanta,04,00,,,,,2
503369,SCHEDULED,33,Monza,Napoli,04,00,,,,,2
503370,SCHEDULED,33,Parma,Juventus,04,00,,,,,2
503371,SCHEDULED,33,Roma,Verona,04,00,,,,,2
503372,SCHEDULED,33,Torino,Udinese,04,00,,,,,2
503373,SCHEDULED,34,Atalanta,Lecce,04,00,,,,,2
503374,SCHEDULED,34,Como 1907,Genoa,04,00,,,,,2
503375,SCHEDULED,34,Fiorentina,Empoli,04,00,,,,,2
503376,SCHEDULED,34,Verona,Cagliari,04,00,,,,,2
503377,SCHEDULED,34,Inter,Roma,04,00,,,,,2
503378,SCHEDULED,34,Juventus,Monza,04,00,,,,,2
503379,SCHEDULED,34,Lazio,Parma,04,00,,,,,2
503380,SCHEDULED,34,Napoli,Torino,04,00,,,,,2
503381,SCHEDULED,34,Udinese,Bologna,04,00,,,,,2
503382,SCHEDULED,34,Venezia FC,Milan,04,00,,,,,2
503383,SCHEDULED,35,Bologna,Juventus,05,00,,,,,2
503384,SCHEDULED,35,Cagliari,Udinese,05,00,,,,,2
503385,SCHEDULED,35,Empoli,Lazio,05,00,,,,,2
503386,SCHEDULED,35,Genoa,Milan,05,00,,,,,2
503387,SCHEDULED,35,Inter,Verona,05,00,,,,,2
503388,SCHEDULED,35,Lecce,Napoli,05,00,,,,,2
503389,SCHEDULED,35,Monza,Atalanta,05,00,,,,,2
503390,SCHEDULED,35,Parma,Como 1907,05,00,,,,,2
503391,SCHEDULED,35,Roma,Fiorentina,05,00,,,,,2
503392,SCHEDULED,35,Torino,Venezia FC,05,00,,,,,2
503393,SCHEDULED,36,Atalanta,Roma,05,00,,,,,2
503394,SCHEDULED,36,Como 1907,Cagliari,05,00,,,,,2
503395,SCHEDULED,36,Empoli,Parma,05,00,,,,,2
503396,SCHEDULED,36,Verona,Lecce,05,00,,,,,2
503397,SCHEDULED,36,Lazio,Juventus,05,00,,,,,2
503398,SCHEDULED,36,Milan,Bologna,05,00,,,,,2
503399,SCHEDULED,36,Napoli,Genoa,05,00,,,,,2
503400,SCHEDULED,36,Torino,Inter,05,00,,,,,2
503401,SCHEDULED,36,Udinese,Monza,05,00,,,,,2
503402,SCHEDULED,36,Venezia FC,Fiorentina,05,00,,,,,2
503403,SCHEDULED,37,Cagliari,Venezia FC,05,00,,,,,2
503404,SCHEDULED,37,Fiorentina,Bologna,05,00,,,,,2
503405,SCHEDULED,37,Genoa,Atalanta,05,00,,,,,2
503406,SCHEDULED,37,Verona,Como 1907,05,00,,,,,2
503407,SCHEDULED,37,Inter,Lazio,05,00,,,,,2
503408,SCHEDULED,37,Juventus,Udinese,05,00,,,,,2
503409,SCHEDULED,37,Lecce,Torino,05,00,,,,,2
503410,SCHEDULED,37,Monza,Empoli,05,00,,,,,2
503411,SCHEDULED,37,Parma,Napoli,05,00,,,,,2
503412,SCHEDULED,37,Roma,Milan,05,00,,,,,2
503413,SCHEDULED,38,Atalanta,Parma,05,00,,,,,2
503414,SCHEDULED,38,Bologna,Genoa,05,00,,,,,2
503415,SCHEDULED,38,Como 1907,Inter,05,00,,,,,2
503416,SCHEDULED,38,Empoli,Verona,05,00,,,,,2
503417,SCHEDULED,38,Lazio,Lecce,05,00,,,,,2
503418,SCHEDULED,38,Milan,Monza,05,00,,,,,2
503419,SCHEDULED,38,Napoli,Cagliari,05,00,,,,,2
503420,SCHEDULED,38,Torino,Roma,05,00,,,,,2
503421,SCHEDULED,38,Udinese,Fiorentina,05,00,,,,,2
503422,SCHEDULED,38,Venezia FC,Juventus,05,00,,,,,2
